[
    {
        "storyArray": ["a name", "a noun", "an adverb", "an adjective"],
        "story" : "Once upon a time %s ate a %s becoming %s ridiculous in a %s way."
    },
    {
        "storyArray":["a place", "a crime", "a noun", "an adjective"],
        "story" : "In the streets of %s a person commited a %s, by making %s in a %s did."
    },
    {
        "storyArray":["a name", "a noun", "a world", "an adjective"],
        "story" : "In the tale's beggining a person called %s went into a %s and was taken to a new world: %s, a surprisingly %s one."
    },
    {
        "storyArray":["an animal", "a name","a color", "a place", "an adjective"],
        "story" : "Once upon a time, an %s called %s, had a pitched %s eyes, and those could take it to %s, where it told it's %s tale."
    }
]